INSERT INTO cliente (id_cliente, cpf_cliente, nome, telefone, email, data_nascimento) VALUES 
(1, '12345678901', 'Maria Oliveira', '85999990000', 'maria.oliveira@email.com', '1990-05-15'),
(2, '98765432100', 'João Silva', '85999991111', 'joao.silva@email.com', '1985-10-23'),
(3, '11122233344', 'Ana Souza', '85999992222', 'ana.souza@email.com', '1992-03-30'),
(4, '55566677788', 'Carlos Lima', '85999993333', 'carlos.lima@email.com', '1988-08-12'),
(5, '99988877766', 'Fernanda Castro', '85999994444', 'fernanda.castro@email.com', '1995-07-19'),
(6, '12312312312', 'Paulo Alves', '85999995555', 'paulo.alves@email.com', '1982-11-05'),
(7, '32132132132', 'Rita Mendes', '85999996666', 'rita.mendes@email.com', '1997-02-18'),
(8, '65465465465', 'Bruno Rocha', '85999997777', 'bruno.rocha@email.com', '1991-09-22'),
(9, '78978978978', 'Camila Fernandes', '85999998888', 'camila.fernandes@email.com', '1993-12-10'),
(10, '95195195195', 'Diego Costa', '85999999999', 'diego.costa@email.com', '1987-06-04'),
(11, '85285285285', 'Luciana Santos', '85988880000', 'luciana.santos@email.com', '1996-03-14'),
(12, '14714714714', 'Gabriel Freitas', '85988881111', 'gabriel.freitas@email.com', '1989-01-01'),
(13, '36936936936', 'Patrícia Araújo', '85988882222', 'patricia.araujo@email.com', '1991-05-09'),
(14, '25825825825', 'Tiago Monteiro', '85988883333', 'tiago.monteiro@email.com', '1984-07-25'),
(15, '75375375375', 'Juliana Costa', '85988884444', 'juliana.costa@email.com', '1995-04-18'),
(16, '15915915915', 'Felipe Cardoso', '85988885555', 'felipe.cardoso@email.com', '1990-11-22'),
(17, '95175385246', 'Sofia Gomes', '85988886666', 'sofia.gomes@email.com', '1997-08-30'),
(18, '32165498785', 'Lucas Fernandes', '85988887777', 'lucas.fernandes@email.com', '1992-06-16'),
(19, '74185296385', 'Isabela Andrade', '85988888888', 'isabela.andrade@email.com', '1994-12-03'),
(20, '36925814785', 'Leandro Pereira', '85988889999', 'leandro.pereira@email.com', '1986-10-11'),
(21, '96385274123', 'Aline Ribeiro', '85977770000', 'aline.ribeiro@email.com', '1991-09-20'),
(22, '14725836985', 'Matheus Barros', '85977771111', 'matheus.barros@email.com', '1988-12-15'),
(23, '85274196325', 'Daniela Martins', '85977772222', 'daniela.martins@email.com', '1993-04-22'),
(24, '45685275312', 'Renato Dias', '85977773333', 'renato.dias@email.com', '1990-06-29'),
(25, '96314725895', 'Bianca Teixeira', '85977774444', 'bianca.teixeira@email.com', '1996-07-10'),
(26, '78945612385', 'Gustavo Maciel', '85977775555', 'gustavo.maciel@email.com', '1994-01-27'),
(27, '95175348625', 'Marcela Viana', '85977776666', 'marcela.viana@email.com', '1992-03-12'),
(28, '65478932145', 'Eduardo Nogueira', '85977777777', 'eduardo.nogueira@email.com', '1987-08-04'),
(29, '25896314785', 'Vanessa Silva', '85977778888', 'vanessa.silva@email.com', '1995-11-30'),
(30, '32198765412', 'Rodrigo Oliveira', '85977779999', 'rodrigo.oliveira@email.com', '1985-09-07');


INSERT INTO status_reserva (id_status_reserva, descricao_status_reserva) 
VALUES 
(1, 'Pendente'),
(2, 'Confirmada'),
(3, 'Cancelada'),
(4, 'Concluída'),
(5, 'Em Andamento'),
(6, 'No Show');


INSERT INTO status_mesa (id_status_mesa, descricao_status_mesa) 
VALUES 
(1, 'Disponível'),
(2, 'Ocupada'),
(3, 'Reservada'),
(4, 'Em Limpeza'),
(5, 'Inativa');


INSERT INTO status_pagamento (id_status_pagamento, descricao_status_pagamento) 
VALUES 
(1, 'Pendente'),
(2, 'Pago'),
(3, 'Em Processamento'),
(4, 'Cancelado'),
(5, 'Reembolsado');



INSERT INTO status_pedido (id_status_pedido, descricao_status_pedido) 
VALUES 
(1, 'Recebido'),
(2, 'Em Preparação'),
(3, 'Pronto'),
(4, 'Entregue'),
(5, 'Cancelado');


INSERT INTO prato (id_prato, nome, descricao, preco) 
VALUES 
-- Bebidas
(1, 'Refrigerante Lata', 'Refrigerante de 350ml disponível nas opções: Coca-Cola, Guaraná, Fanta', 5.00),
(2, 'Suco Natural', 'Suco natural de laranja ou limão, servido gelado em copo de 300ml', 7.50),
(3, 'Água Mineral', 'Água mineral sem gás ou com gás, garrafa de 500ml', 3.00),
(4, 'Milkshake', 'Milkshake de chocolate, baunilha ou morango, servido em copo de 400ml', 12.00),

-- Acompanhamentos
(5, 'Batata Frita', 'Porção de batata frita crocante, servida com molho ketchup ou maionese', 10.00),
(6, 'Onion Rings', 'Anéis de cebola empanados e fritos, acompanhados de molho barbecue', 12.00),
(7,'Salada Caesar', 'Salada caesar com alface, frango grelhado, croutons e molho especial', 15.00),

-- Pratos Principais
(8, 'Hambúrguer Clássico', 'Pão brioche, carne bovina, queijo cheddar, alface, tomate e maionese da casa', 22.00),
(9, 'Cheeseburguer', 'Pão brioche, carne bovina, queijo cheddar, bacon e molho barbecue', 24.00),
(10, 'Veggie Burger', 'Hambúrguer vegetariano de grão-de-bico com alface, tomate e molho especial', 20.00),
(11, 'Double Bacon Burger', 'Pão brioche, duas carnes bovinas, queijo cheddar, bacon e molho especial', 28.00),
(12, 'Chicken Burger', 'Pão brioche, filé de frango empanado, alface, tomate e molho ranch', 19.00),

-- Sobremesas
(13, 'Brownie com Sorvete', 'Brownie de chocolate servido com uma bola de sorvete de baunilha', 15.00),
(14, 'Torta de Limão', 'Torta de limão com massa crocante e cobertura de merengue', 10.00),
(15, 'Petit Gâteau', 'Bolo quente de chocolate servido com sorvete de baunilha', 18.00);


INSERT INTO funcionario (id_funcionario, cpf_funcionario, nome, cargo, telefone) 
VALUES 
(1, '11122233344', 'Marcos Pereira', 'Cozinheiro', '85999991111'),
(2, '22233344455', 'Juliana Alves', 'Atendente', '85999992222'),
(3, '33344455566', 'Rafael Souza', 'Caixa', '85999993333'),
(4, '44455566677', 'Renata Lima', 'Gerente', '85999994444'),
(5, '55566677788', 'Pedro Fernandes', 'Auxiliar de Cozinha', '85999995555'),
(6, '66677788899', 'Ana Martins', 'Garçom', '85999996666'),
(7, '77788899900', 'Fernanda Costa', 'Auxiliar de Limpeza', '85999997777'),
(8, '88899900011', 'Lucas Oliveira', 'Cozinheiro', '85999998888'),
(9, '99900011122', 'Carla Mendes', 'Caixa', '85999999999'),
(10, '00011122233', 'Thiago Rocha', 'Gerente', '85988880000');


INSERT INTO mesa (id_mesa, numero_identificador, capacidade_assentos, id_status_mesa) 
VALUES 
(1, 1, 4, 1), 
(2, 2, 2, 2), 
(3, 3, 4, 3),  
(4, 4, 6, 1), 
(5, 5, 4, 4),  
(6, 6, 2, 1), 
(7, 7, 8, 2), 
(8, 8, 2, 1),  
(9, 9, 4, 3), 
(10, 10, 6, 5); 


INSERT INTO pedido (id_pedido, id_prato, id_cliente, id_mesa, id_status_pedido, hora_pedido) 
VALUES 
(1, 1, 1, 1, 1, transaction_timestamp()),
(2, 2, 2, 2, 1, transaction_timestamp()),
(3, 3, 3, 3, 1, transaction_timestamp()),
(4, 4, 4, 4, 2, transaction_timestamp()),
(5, 5, 5, 5, 2, transaction_timestamp()),
(6, 6, 6, 1, 3, transaction_timestamp()),
(7, 7, 7, 2, 3, transaction_timestamp()),
(8, 8, 8, 3, 4, transaction_timestamp()),
(9, 9, 9, 4, 4, transaction_timestamp()),
(10, 10, 10, 5, 1, transaction_timestamp()),
(11, 1, 11, 1, 1, transaction_timestamp()),
(12, 2, 12, 2, 2, transaction_timestamp()),
(13, 3, 13, 3, 2, transaction_timestamp()),
(14, 4, 14, 4, 3, transaction_timestamp()),
(15, 5, 15, 5, 3, transaction_timestamp()),
(16, 6, 16, 1, 4, transaction_timestamp()),
(17, 7, 17, 2, 4, transaction_timestamp()),
(18, 8, 18, 3, 1, transaction_timestamp()),
(19, 9, 19, 4, 1, transaction_timestamp()),
(20, 10, 20, 5, 2, transaction_timestamp()),
(21, 1, 21, 1, 2, transaction_timestamp()),
(22, 2, 22, 2, 3, transaction_timestamp()),
(23, 3, 23, 3, 3, transaction_timestamp()),
(24, 4, 24, 4, 4, transaction_timestamp()),
(25, 5, 25, 5, 4, transaction_timestamp()),
(26, 6, 26, 1, 1, transaction_timestamp()),
(27, 7, 27, 2, 1, transaction_timestamp()),
(28, 8, 28, 3, 2, transaction_timestamp()),
(29, 9, 29, 4, 2, transaction_timestamp()),
(30, 10, 30, 5, 3, transaction_timestamp()),
(31, 1, 1, 1, 3, transaction_timestamp()),
(32, 2, 2, 2, 4, transaction_timestamp()),
(33, 3, 3, 3, 4, transaction_timestamp()),
(34, 4, 4, 4, 1, transaction_timestamp()),
(35, 5, 5, 5, 1, transaction_timestamp()),
(36, 6, 6, 1, 2, transaction_timestamp()),
(37, 7, 7, 2, 2, transaction_timestamp()),
(38, 8, 8, 3, 3, transaction_timestamp()),
(39, 9, 9, 4, 3, transaction_timestamp()),
(40, 10, 10, 5, 4, transaction_timestamp()),
(41, 1, 11, 1, 4, transaction_timestamp()),
(42, 2, 12, 2, 1, transaction_timestamp()),
(43, 3, 13, 3, 1, transaction_timestamp()),
(44, 4, 14, 4, 2, transaction_timestamp()),
(45, 5, 15, 5, 2, transaction_timestamp()),
(46, 6, 16, 1, 3, transaction_timestamp()),
(47, 7, 17, 2, 3, transaction_timestamp()),
(48, 8, 18, 3, 4, transaction_timestamp()),
(49, 9, 19, 4, 4, transaction_timestamp()),
(50, 10, 20, 5, 1, transaction_timestamp()),
(51, 1, 21, 1, 1, transaction_timestamp()),
(52, 2, 22, 2, 2, transaction_timestamp()),
(53, 3, 23, 3, 2, transaction_timestamp()),
(54, 4, 24, 4, 3, transaction_timestamp()),
(55, 5, 25, 5, 3, transaction_timestamp()),
(56, 6, 26, 1, 4, transaction_timestamp()),
(57, 7, 27, 2, 4, transaction_timestamp()),
(58, 8, 28, 3, 1, transaction_timestamp()),
(59, 9, 29, 4, 1, transaction_timestamp()),
(60, 10, 30, 5, 2, transaction_timestamp()),
(61, 1, 1, 1, 2, transaction_timestamp()),
(62, 2, 2, 2, 3, transaction_timestamp()),
(63, 3, 3, 3, 3, transaction_timestamp()),
(64, 4, 4, 4, 4, transaction_timestamp()),
(65, 5, 5, 5, 4, transaction_timestamp()),
(66, 6, 6, 1, 1, transaction_timestamp()),
(67, 7, 7, 2, 1, transaction_timestamp()),
(68, 8, 8, 3, 2, transaction_timestamp()),
(69, 9, 9, 4, 2, transaction_timestamp()),
(70, 10, 10, 5, 3, transaction_timestamp()),
(71, 1, 11, 1, 3, transaction_timestamp()),
(72, 2, 12, 2, 4, transaction_timestamp()),
(73, 3, 13, 3, 4, transaction_timestamp()),
(74, 4, 14, 4, 1, transaction_timestamp()),
(75, 5, 15, 5, 1, transaction_timestamp());




INSERT INTO pedido_funcionario (id_pedido_funcionario, id_pedido, id_funcionario) VALUES 
(1, 1, 1),
(2, 2, 2),
(3, 3, 3),
(4, 4, 4),
(5, 5, 5),
(6, 6, 6),
(7, 7, 7),
(8, 8, 8),
(9, 9, 9),
(10, 10, 10),
(11, 11, 1),
(12, 12, 2),
(13, 13, 3),
(14, 14, 4),
(15, 15, 5),
(16, 16, 6),
(17, 17, 7),
(18, 18, 8),
(19, 19, 9),
(20, 20, 10),
(21, 21, 1),
(22, 22, 2),
(23, 23, 3),
(24, 24, 4),
(25, 25, 5),
(26, 26, 6),
(27, 27, 7),
(28, 28, 8),
(29, 29, 9),
(30, 30, 10),
(31, 31, 1),
(32, 32, 2),
(33, 33, 3),
(34, 34, 4),
(35, 35, 5),
(36, 36, 6),
(37, 37, 7),
(38, 38, 8),
(39, 39, 9),
(40, 40, 10),
(41, 41, 1),
(42, 42, 2),
(43, 43, 3),
(44, 44, 4),
(45, 45, 5),
(46, 46, 6),
(47, 47, 7),
(48, 48, 8),
(49, 49, 9),
(50, 50, 10),
(51, 51, 1),
(52, 52, 2),
(53, 53, 3),
(54, 54, 4),
(55, 55, 5),
(56, 56, 6),
(57, 57, 7),
(58, 58, 8),
(59, 59, 9),
(60, 60, 10),
(61, 61, 1),
(62, 62, 2),
(63, 63, 3),
(64, 64, 4),
(65, 65, 5),
(66, 66, 6),
(67, 67, 7),
(68, 68, 8),
(69, 69, 9),
(70, 70, 10),
(71, 71, 1),
(72, 72, 2),
(73, 73, 3),
(74, 74, 4),
(75, 75, 5);




INSERT INTO pagamento (id_pagamento, id_mesa, id_cliente, id_funcionario, hora_pagamento, id_status_pagamento) 
VALUES 
(1, 1, 1, 1, transaction_timestamp(), 1),
(2, 2, 2, 2, transaction_timestamp(), 2),
(3, 3, 3, 3, transaction_timestamp(), 3),
(4, 4, 4, 4, transaction_timestamp(), 4),
(5, 5, 5, 5, transaction_timestamp(), 1),
(6, 1, 6, 6, transaction_timestamp(), 2),
(7, 2, 7, 7, transaction_timestamp(), 3),
(8, 3, 8, 8, transaction_timestamp(), 4),
(9, 4, 9, 9, transaction_timestamp(), 1),
(10, 5, 10, 10, transaction_timestamp(), 2),
(11, 1, 11, 1, transaction_timestamp(), 3),
(12, 2, 12, 2, transaction_timestamp(), 4),
(13, 3, 13, 3, transaction_timestamp(), 1),
(14, 4, 14, 4, transaction_timestamp(), 2),
(15, 5, 15, 5, transaction_timestamp(), 3),
(16, 1, 16, 6, transaction_timestamp(), 4),
(17, 2, 17, 7, transaction_timestamp(), 1),
(18, 3, 18, 8, transaction_timestamp(), 2),
(19, 4, 19, 9, transaction_timestamp(), 3),
(20, 5, 20, 10, transaction_timestamp(), 4),
(21, 1, 21, 1, transaction_timestamp(), 1),
(22, 2, 22, 2, transaction_timestamp(), 2),
(23, 3, 23, 3, transaction_timestamp(), 3),
(24, 4, 24, 4, transaction_timestamp(), 4),
(25, 5, 25, 5, transaction_timestamp(), 1),
(26, 1, 26, 6, transaction_timestamp(), 2),
(27, 2, 27, 7, transaction_timestamp(), 3),
(28, 3, 28, 8, transaction_timestamp(), 4),
(29, 4, 29, 9, transaction_timestamp(), 1),
(30, 5, 30, 10, transaction_timestamp(), 2),
(31, 1, 1, 1, transaction_timestamp(), 3),
(32, 2, 2, 2, transaction_timestamp(), 4),
(33, 3, 3, 3, transaction_timestamp(), 1),
(34, 4, 4, 4, transaction_timestamp(), 2),
(35, 5, 5, 5, transaction_timestamp(), 3),
(36, 1, 6, 6, transaction_timestamp(), 4),
(37, 2, 7, 7, transaction_timestamp(), 1),
(38, 3, 8, 8, transaction_timestamp(), 2),
(39, 4, 9, 9, transaction_timestamp(), 3),
(40, 5, 10, 10, transaction_timestamp(), 4),
(41, 1, 1, 1, transaction_timestamp(), 1),
(42, 2, 2, 2, transaction_timestamp(), 2),
(43, 3, 3, 3, transaction_timestamp(), 3),
(44, 4, 4, 4, transaction_timestamp(), 4),
(45, 5, 5, 5, transaction_timestamp(), 1),
(46, 1, 6, 6, transaction_timestamp(), 2),
(47, 2, 7, 7, transaction_timestamp(), 3),
(48, 3, 8, 8, transaction_timestamp(), 4),
(49, 4, 9, 9, transaction_timestamp(), 1),
(50, 5, 10, 10, transaction_timestamp(), 2),
(51, 1, 1, 1, transaction_timestamp(), 3),
(52, 2, 2, 2, transaction_timestamp(), 4),
(53, 3, 3, 3, transaction_timestamp(), 1),
(54, 4, 4, 4, transaction_timestamp(), 2),
(55, 5, 5, 5, transaction_timestamp(), 3),
(56, 1, 6, 6, transaction_timestamp(), 4),
(57, 2, 7, 7, transaction_timestamp(), 1),
(58, 3, 8, 8, transaction_timestamp(), 2),
(59, 4, 9, 9, transaction_timestamp(), 3),
(60, 5, 10, 10, transaction_timestamp(), 4),
(61, 1, 1, 1, transaction_timestamp(), 1),
(62, 2, 2, 2, transaction_timestamp(), 2),
(63, 3, 3, 3, transaction_timestamp(), 3),
(64, 4, 4, 4, transaction_timestamp(), 4),
(65, 5, 5, 5, transaction_timestamp(), 1),
(66, 1, 6, 6, transaction_timestamp(), 2),
(67, 2, 7, 7, transaction_timestamp(), 3),
(68, 3, 8, 8, transaction_timestamp(), 4),
(69, 4, 9, 9, transaction_timestamp(), 1),
(70, 5, 10, 10, transaction_timestamp(), 2),
(71, 1, 1, 1, transaction_timestamp(), 3),
(72, 2, 2, 2, transaction_timestamp(), 4),
(73, 3, 3, 3, transaction_timestamp(), 1),
(74, 4, 4, 4, transaction_timestamp(), 2),
(75, 5, 5, 5, transaction_timestamp(), 3);



INSERT INTO reserva (id_reserva, hora_reserva, quantidade_assentos, id_cliente, id_funcionario, id_status_reserva) 
VALUES
(1, transaction_timestamp(), 4, 1, 1, 1),
(2, transaction_timestamp(), 2, 2, 2, 2),
(3, transaction_timestamp(), 3, 3, 3, 3),
(4, transaction_timestamp(), 5, 4, 4, 4),
(5, transaction_timestamp(), 6, 5, 5, 1),
(6, transaction_timestamp(), 2, 6, 6, 2),
(7, transaction_timestamp(), 4, 7, 7, 3),
(8, transaction_timestamp(), 3, 8, 8, 4),
(9, transaction_timestamp(), 5, 9, 9, 1),
(10, transaction_timestamp(), 6, 10, 10, 2),
(11, transaction_timestamp(), 2, 11, 1, 3),
(12, transaction_timestamp(), 4, 12, 2, 4),
(13, transaction_timestamp(), 3, 13, 3, 1),
(14, transaction_timestamp(), 5, 14, 4, 2),
(15, transaction_timestamp(), 6, 15, 5, 3),
(16, transaction_timestamp(), 2, 16, 6, 4),
(17, transaction_timestamp(), 4, 17, 7, 1),
(18, transaction_timestamp(), 3, 18, 8, 2),
(19, transaction_timestamp(), 5, 19, 9, 3),
(20, transaction_timestamp(), 6, 20, 10, 4),
(21, transaction_timestamp(), 2, 21, 1, 1),
(22, transaction_timestamp(), 4, 22, 2, 2),
(23, transaction_timestamp(), 3, 23, 3, 3),
(24, transaction_timestamp(), 5, 24, 4, 4),
(25, transaction_timestamp(), 6, 25, 5, 1),
(26, transaction_timestamp(), 2, 26, 6, 2),
(27, transaction_timestamp(), 4, 27, 7, 3),
(28, transaction_timestamp(), 3, 28, 8, 4),
(29, transaction_timestamp(), 5, 29, 9, 1),
(30, transaction_timestamp(), 6, 30, 10, 2),
(31, transaction_timestamp(), 2, 1, 1, 3),
(32, transaction_timestamp(), 4, 2, 2, 4),
(33, transaction_timestamp(), 3, 3, 3, 1),
(34, transaction_timestamp(), 5, 4, 4, 2),
(35, transaction_timestamp(), 6, 5, 5, 3),
(36, transaction_timestamp(), 2, 6, 6, 4),
(37, transaction_timestamp(), 4, 7, 7, 1),
(38, transaction_timestamp(), 3, 8, 8, 2),
(39, transaction_timestamp(), 5, 9, 9, 3),
(40, transaction_timestamp(), 6, 10, 10, 4),
(41, transaction_timestamp(), 2, 1, 1, 1),
(42, transaction_timestamp(), 4, 2, 2, 2),
(43, transaction_timestamp(), 3, 3, 3, 3),
(44, transaction_timestamp(), 5, 4, 4, 4),
(45, transaction_timestamp(), 6, 5, 5, 1),
(46, transaction_timestamp(), 2, 6, 6, 2),
(47, transaction_timestamp(), 4, 7, 7, 3),
(48, transaction_timestamp(), 3, 8, 8, 4),
(49, transaction_timestamp(), 5, 9, 9, 1),
(50, transaction_timestamp(), 6, 10, 10, 2),
(51, transaction_timestamp(), 2, 1, 1, 3),
(52, transaction_timestamp(), 4, 2, 2, 4),
(53, transaction_timestamp(), 3, 3, 3, 1),
(54, transaction_timestamp(), 5, 4, 4, 2),
(55, transaction_timestamp(), 6, 5, 5, 3),
(56, transaction_timestamp(), 2, 6, 6, 4),
(57, transaction_timestamp(), 4, 7, 7, 1),
(58, transaction_timestamp(), 3, 8, 8, 2),
(59, transaction_timestamp(), 5, 9, 9, 3),
(60, transaction_timestamp(), 6, 10, 10, 4),
(61, transaction_timestamp(), 2, 1, 1, 1),
(62, transaction_timestamp(), 4, 2, 2, 2),
(63, transaction_timestamp(), 3, 3, 3, 3),
(64, transaction_timestamp(), 5, 4, 4, 4),
(65, transaction_timestamp(), 6, 5, 5, 1),
(66, transaction_timestamp(), 2, 6, 6, 2),
(67, transaction_timestamp(), 4, 7, 7, 3),
(68, transaction_timestamp(), 3, 8, 8, 4),
(69, transaction_timestamp(), 5, 9, 9, 1),
(70, transaction_timestamp(), 6, 10, 10, 2),
(71, transaction_timestamp(), 2, 1, 1, 3),
(72, transaction_timestamp(), 4, 2, 2, 4),
(73, transaction_timestamp(), 3, 3, 3, 1),
(74, transaction_timestamp(), 5, 4, 4, 2),
(75, transaction_timestamp(), 6, 5, 5, 3);




INSERT INTO reserva_mesa (id_reserva_mesa, id_mesa, id_reserva) 
VALUES
(1, 1, 1),
(2, 2, 2),
(3, 3, 3),
(4, 4, 4),
(5, 5, 5),
(6, 6, 6),
(7, 7, 7),
(8, 8, 8),
(9, 9, 9),
(10, 10, 10),
(11, 1, 11),
(12, 2, 12),
(13, 3, 13),
(14, 4, 14),
(15, 5, 15),
(16, 6, 16),
(17, 7, 17),
(18, 8, 18),
(19, 9, 19),
(20, 10, 20),
(21, 1, 21),
(22, 2, 22),
(23, 3, 23),
(24, 4, 24),
(25, 5, 25),
(26, 6, 26),
(27, 7, 27),
(28, 8, 28),
(29, 9, 29),
(30, 10, 30),
(31, 1, 31),
(32, 2, 32),
(33, 3, 33),
(34, 4, 34),
(35, 5, 35),
(36, 6, 36),
(37, 7, 37),
(38, 8, 38),
(39, 9, 39),
(40, 10, 40),
(41, 1, 41),
(42, 2, 42),
(43, 3, 43),
(44, 4, 44),
(45, 5, 45),
(46, 6, 46),
(47, 7, 47),
(48, 8, 48),
(49, 9, 49),
(50, 10, 50),
(51, 1, 51),
(52, 2, 52),
(53, 3, 53),
(54, 4, 54),
(55, 5, 55),
(56, 6, 56),
(57, 7, 57),
(58, 8, 58),
(59, 9, 59),
(60, 10, 60),
(61, 1, 61),
(62, 2, 62),
(63, 3, 63),
(64, 4, 64),
(65, 5, 65),
(66, 6, 66),
(67, 7, 67),
(68, 8, 68),
(69, 9, 69),
(70, 10, 70),
(71, 1, 71),
(72, 2, 72),
(73, 3, 73),
(74, 4, 74),
(75, 5, 75);




