

insert into cliente (cpf_cliente, nome, telefone, email, data_nascimento)
values
('12345678901', 'Alice Silva', '85912345678', 'alice.silva@email.com', '1990-01-15'),
('23456789012', 'Bruno Oliveira', '85923456789', 'bruno.oliveira@email.com', '1985-02-20'),
('34567890123', 'Carlos Santos', '85934567890', 'carlos.santos@email.com', '1992-03-25'),
('45678901234', 'Daniela Costa', '85945678901', 'daniela.costa@email.com', '1988-04-30'),
('56789012345', 'Eduardo Lima', '85956789012', 'eduardo.lima@email.com', '1995-05-05'),
('67890123456', 'Fernanda Mendes', '85967890123', 'fernanda.mendes@email.com', '1991-06-10'),
('78901234567', 'Gabriel Pereira', '85978901234', 'gabriel.pereira@email.com', '1993-07-15'),
('89012345678', 'Helena Martins', '85989012345', 'helena.martins@email.com', '1987-08-20'),
('90123456789', 'Igor Rocha', '85990123456', 'igor.rocha@email.com', '1994-09-25'),
('01234567890', 'Juliana Almeida', '85901234567', 'juliana.almeida@email.com', '1996-10-30'),
('12345678901', 'Karla Dias', '85912345679', 'karla.dias@email.com', '1990-11-01'),
('23456789012', 'Lucas Teixeira', '85923456780', 'lucas.teixeira@email.com', '1989-12-02'),
('34567890123', 'Mariana Azevedo', '85934567881', 'mariana.azevedo@email.com', '1992-01-03'),
('45678901234', 'Nicolas Pinto', '85945678992', 'nicolas.pinto@email.com', '1986-02-04'),
('56789012345', 'Olga Almeida', '85956789003', 'olga.almeida@email.com', '1993-03-05'),
('67890123456', 'Paulo Ferreira', '85967890114', 'paulo.ferreira@email.com', '1988-04-06'),
('78901234567', 'Quiteria Barros', '85978901225', 'quiteria.barros@email.com', '1995-05-07'),
('89012345678', 'Ricardo Souza', '85989012336', 'ricardo.souza@email.com', '1994-06-08'),
('90123456789', 'Sofia Cardoso', '85990123447', 'sofia.cardoso@email.com', '1992-07-09'),
('01234567890', 'Tiago Martins', '85901234558', 'tiago.martins@email.com', '1991-08-10'),
('12345678901', 'Ursula Lacerda', '85912345669', 'ursula.lacerda@email.com', '1990-09-11'),
('23456789012', 'Victor Santos', '85923456770', 'victor.santos@email.com', '1993-10-12'),
('34567890123', 'Wanda Mendes', '85934567881', 'wanda.mendes@email.com', '1995-11-13'),
('45678901234', 'Xavier Pires', '85945678992', 'xavier.pires@email.com', '1987-12-14'),
('56789012345', 'Yara Costa', '85956789003', 'yara.costa@email.com', '1994-01-15'),
('67890123456', 'Zoe Rodrigues', '85967890114', 'zoe.rodrigues@email.com', '1991-02-16'),
('78901234567', 'Aline Gonçalves', '85978901225', 'aline.goncalves@email.com', '1990-03-17'),
('89012345678', 'Beto Almeida', '85989012336', 'beto.almeida@email.com', '1992-04-18'),
('90123456789', 'Cecilia Nascimento', '85990123447', 'cecilia.nascimento@email.com', '1988-05-19'),
('01234567890', 'Diego Assunção', '85901234558', 'diego.assuncao@email.com', '1986-06-20'),
('12345678901', 'Elaine Moreira', '85912345669', 'elaine.moreira@email.com', '1994-07-21'),
('23456789012', 'Fábio Lima', '85923456770', 'fabio.lima@email.com', '1995-08-22'),
('34567890123', 'Giselle Vieira', '85934567881', 'giselle.vieira@email.com', '1993-09-23');



insert into funcionario (cpf_funcionario, nome, cargo, telefone)
('12345678901', 'Ana Paula', 'Gerente', '85987654321'),
('23456789012', 'Bruno Ferreira', 'Cozinheiro', '85998765432'),
('34567890123', 'Carla Mendes', 'Atendente', '85987654322'),
('45678901234', 'Diego Ribeiro', 'Garçom', '85976543210'),
('56789012345', 'Eliana Costa', 'Recepcionista', '85965432109'),
('67890123456', 'Fernando Lima', 'Barman', '85954321098'),
('78901234567', 'Gabriela Teixeira', 'Cozinheira', '85943210987'),
('89012345678', 'Hugo Santos', 'Gerente', '85932109876'),
('90123456789', 'Isabela Almeida', 'Atendente', '85921098765'),
('01234567890', 'João Paulo', 'Garçom', '85910987654'),
('12345678901', 'Kátia Rocha', 'Cozinheira', '85909876543'),
('23456789012', 'Lucas Martins', 'Barman', '85998765431'),
('34567890123', 'Mariana Azevedo', 'Recepcionista', '85987654330'),
('45678901234', 'Nicolas Pires', 'Gerente', '85976543220'),
('56789012345', 'Olga Silva', 'Atendente', '85965432111');



insert into status_reserva (descricao_status_reserva) values
('Confirmada'),
('Pendente'),
('Cancelada'),
('Finalizada'),
('Aguardando Pagamento'),
('Não Compareceu'),
('Reagendada'),
('Em Andamento');

insert into status_mesa (descricao_status_mesa) values
('Disponível'),
('Reservada'),
('Ocupada'),
('Em Manutenção'),
('Aguardando Limpeza'),
('Pronta para Uso'),
('Fora de Serviço');

insert into status_pagamento (descricao_status_pagamento) values
('Aguardando Pagamento'),
('Pago'),
('Cancelado'),
('Reembolsado'),
('Em Análise'),
('Falha no Pagamento'),
('Em Processamento');

insert into status_pedido (descricao_status_pedido) values
('Recebido'),
('Em Preparação'),
('Pronto'),
('Entregue'),
('Cancelado'),
('Em Andamento'),
('Aguardando Confirmação');

insert into prato (nome, descricao, preco) values
('Hambúrguer Clássico', 'Carne bovina grelhada com queijo cheddar, alface, tomate e maionese em pão de brioche.', 28.00),
('Cheeseburger Bacon', 'Hambúrguer de carne com queijo cheddar, bacon crocante e molho barbecue.', 32.00),
('Hambúrguer Vegetariano', 'Hambúrguer à base de grão-de-bico, com guacamole, alface e tomate em pão integral.', 26.00),
('X-Burguer de Frango', 'Peito de frango grelhado com queijo, alface e maionese de ervas em pão brioche.', 29.00),
('Hambúrguer de Picanha', 'Picanha grelhada com queijo provolone, cebola caramelizada e chimichurri.', 35.00),
('Double Burger', 'Dois hambúrgueres de carne bovina com queijo, alface, tomate e cebola roxa.', 40.00),
('Burger de Costela', 'Hambúrguer feito com carne de costela desfiada, barbecue e coleslaw.', 36.00),
('Veggie Burger com Quinoa', 'Hambúrguer de quinoa com espinafre, molho tzatziki e vegetais grelhados.', 27.00),
('Mini Burgers Variados', 'Mini hambúrgueres de carne, frango e vegetariano, acompanhados de molhos variados.', 34.00),
('Batata Frita Clássica', 'Porção generosa de batatas fritas crocantes, servidas com ketchup.', 12.00),
('Batata Rústica com Alecrim', 'Batatas rústicas assadas com alecrim e molho de alho.', 15.00),
('Onion Rings', 'Anéis de cebola empanados e fritos, servidos com molho de mostarda e mel.', 18.00),
('Milkshake de Chocolate', 'Delicioso milkshake cremoso de chocolate, coberto com chantilly.', 16.00),
('Milkshake de Morango', 'Milkshake de morango fresco, cremoso e doce, servido com chantilly.', 16.00),
('Suco Natural de Laranja', 'Suco de laranja fresco e refrescante, ideal para acompanhar seu hambúrguer.', 8.00),
('Cerveja Artesanal', 'Cerveja local, leve e refrescante, perfeita para acompanhar os pratos.', 12.00),
('Pudim de Leite Condensado', 'Clássico pudim cremoso de leite condensado, coberto com calda de caramelo.', 10.00),
('Brownie com Sorvete', 'Brownie de chocolate quente servido com uma bola de sorvete de baunilha.', 18.00),
('Bolo de Cenoura com Chocolate', 'Bolo de cenoura com cobertura de chocolate cremoso.', 15.00),
('Pão de Alho Recheado', 'Pão de alho recheado com queijo e ervas, assado até ficar dourado.', 12.00);

insert into mesa (numero_identificador, capacidade_assentos, id_status_mesa) values
(1, 2, 1),
(2, 4, 2),
(3, 4, 1),
(4, 6, 1),
(5, 4, 3),
(6, 2, 1),
(7, 8, 2),
(8, 4, 1),
(9, 2, 4),
(10, 4, 1);

insert into pedido (id_prato, id_cliente, id_mesa, id_status_pedido) values
(1, 1, 1, 1),
(2, 2, 2, 2),
(3, 3, 3, 1),
(4, 4, 4, 1),
(5, 5, 5, 3),
(6, 6, 6, 1),
(7, 7, 7, 2),
(8, 8, 8, 1),
(9, 9, 9, 4),
(10, 10, 10, 1),
(1, 11, 1, 1),
(2, 12, 2, 2),
(3, 13, 3, 1),
(4, 14, 4, 1),
(5, 15, 5, 3),
(6, 16, 6, 1),
(7, 17, 7, 2),
(8, 18, 8, 1),
(9, 19, 9, 4),
(10, 20, 10, 1),
(1, 21, 1, 1),
(2, 22, 2, 2),
(3, 23, 3, 1),
(4, 24, 4, 1),
(5, 25, 5, 3),
(6, 26, 6, 1),
(7, 27, 7, 2),
(8, 28, 8, 1),
(9, 29, 9, 4),
(10, 30, 10, 1),
(1, 1, 1, 1),
(2, 2, 2, 2),
(3, 3, 3, 1),
(4, 4, 4, 1),
(5, 5, 5, 3),
(6, 6, 6, 1),
(7, 7, 7, 2),
(8, 8, 8, 1),
(9, 9, 9, 4),
(10, 10, 10, 1),
(1, 11, 1, 1),
(2, 12, 2, 2),
(3, 13, 3, 1),
(4, 14, 4, 1),
(5, 15, 5, 3),
(6, 16, 6, 1),
(7, 17, 7, 2),
(8, 18, 8, 1),
(9, 19, 9, 4),
(10, 20, 10, 1),
(1, 21, 1, 1),
(2, 22, 2, 2),
(3, 23, 3, 1),
(4, 24, 4, 1),
(5, 25, 5, 3),
(6, 26, 6, 1),
(7, 27, 7, 2),
(8, 28, 8, 1),
(9, 29, 9, 4),
(10, 30, 10, 1),
(1, 1, 1, 1),
(2, 2, 2, 2),
(3, 3, 3, 1),
(4, 4, 4, 1),
(5, 5, 5, 3),
(6, 6, 6, 1),
(7, 7, 7, 2),
(8, 8, 8, 1),
(9, 9, 9, 4),
(10, 10, 10, 1);


insert into pedido_funcionario (id_pedido, id_funcionario) values
(1, 1),
(2, 2),
(3, 3),
(4, 4),
(5, 5),
(6, 6),
(7, 7),
(8, 8),
(9, 9),
(10, 10),
(11, 1),
(12, 2),
(13, 3),
(14, 4),
(15, 5),
(16, 6),
(17, 7),
(18, 8),
(19, 9),
(20, 10),
(21, 1),
(22, 2),
(23, 3),
(24, 4),
(25, 5),
(26, 6),
(27, 7),
(28, 8),
(29, 9),
(30, 10),
(31, 1),
(32, 2),
(33, 3),
(34, 4),
(35, 5),
(36, 6),
(37, 7),
(38, 8),
(39, 9),
(40, 10),
(41, 1),
(42, 2),
(43, 3),
(44, 4),
(45, 5),
(46, 6),
(47, 7),
(48, 8),
(49, 9),
(50, 10),
(51, 1),
(52, 2),
(53, 3),
(54, 4),
(55, 5),
(56, 6),
(57, 7),
(58, 8),
(59, 9),
(60, 10),
(61, 1),
(62, 2),
(63, 3),
(64, 4),
(65, 5),
(66, 6),
(67, 7),
(68, 8),
(69, 9),
(70, 10),
(71, 1),
(72, 2),
(73, 3),
(74, 4),
(75, 5);


INSERT INTO pagamento (id_mesa, id_cliente, id_funcionario, id_status_pagamento) VALUES
(1, 1, 1, 1),
(2, 2, 2, 2),
(3, 3, 3, 1),
(4, 4, 4, 1),
(5, 5, 5, 3),
(6, 6, 6, 1),
(7, 7, 7, 2),
(8, 8, 8, 1),
(9, 9, 9, 4),
(10, 10, 10, 1),
(1, 11, 1, 1),
(2, 12, 2, 2),
(3, 13, 3, 1),
(4, 14, 4, 1),
(5, 15, 5, 3),
(6, 16, 6, 1),
(7, 17, 7, 2),
(8, 18, 8, 1),
(9, 19, 9, 4),
(10, 20, 10, 1),
(1, 21, 1, 1),
(2, 22, 2, 2),
(3, 23, 3, 1),
(4, 24, 4, 1),
(5, 25, 5, 3),
(6, 26, 6, 1),
(7, 27, 7, 2),
(8, 28, 8, 1),
(9, 29, 9, 4),
(10, 30, 10, 1),
(1, 1, 1, 1),
(2, 2, 2, 2),
(3, 3, 3, 1),
(4, 4, 4, 1),
(5, 5, 5, 3),
(6, 6, 6, 1),
(7, 7, 7, 2),
(8, 8, 8, 1),
(9, 9, 9, 4),
(10, 10, 10, 1),
(1, 11, 1, 1),
(2, 12, 2, 2),
(3, 13, 3, 1),
(4, 14, 4, 1),
(5, 15, 5, 3),
(6, 16, 6, 1),
(7, 17, 7, 2),
(8, 18, 8, 1),
(9, 19, 9, 4),
(10, 20, 10, 1),
(1, 21, 1, 1),
(2, 22, 2, 2),
(3, 23, 3, 1),
(4, 24, 4, 1),
(5, 25, 5, 3),
(6, 26, 6, 1),
(7, 27, 7, 2),
(8, 28, 8, 1),
(9, 29, 9, 4),
(10, 30, 10, 1);


